	model	constr	-gap effect	+gap effect	effectDifference	-gap direction	+gap direction	term	estimate	p_value	sig	estimateDirection
0	baseline	eval_cleft	0.19750675154320987	-1.2471064814814814	1.4446132330246912	p	n	filler:gap:island	0.4416122122556584	2.255887464965377e-58	***	p
5	model_1_1	eval_cleft	0.08460326646090535	-0.7371399176954733	0.8217431841563786	p	n	filler:gap:island	0.665919174382716	1.1412723873638864e-107	***	p
7	model_1_1	eval_nointro_topic	0.3049286265432099	-0.01273148148148148	0.31766010802469136	p	n	filler:gap:island	0.1300003616898148	0.0121161284580665	*	p
8	model_1_1	eval_tough	0.3217110339506173	-0.39528677983539096	0.7169978137860082	p	n	filler:gap:island	0.781517248585391	2.2567604689215996e-68	***	p
10	model_2_2	eval_cleft	1.4367364326131686	-0.14017489711934156	1.5769113297325101	p	n	filler:gap:island	0.5334764017489712	1.9250379346007762e-42	***	p
13	model_2_2	eval_tough	2.3450038580246915	-3.615644290123457	5.960648148148149	p	n	filler:gap:island	0.40673828125	2.8113124144960773e-11	***	p
18	model_1_2	eval_tough	-0.27662037037037035	-0.5277456275720165	0.25112525720164613	n	n	filler:gap:island	0.5571992348251029	1.5709453880865908e-21	***	p
20	model_2_1	eval_cleft	2.098825713734568	-0.19045781893004116	2.289283532664609	p	n	filler:gap:island	1.127097298578961	8.71977313813324e-203	***	p
22	model_2_1	eval_nointro_topic	0.2816599151234568	-0.20601851851851852	0.4876784336419753	p	n	filler:gap:island	0.1827528211805555	0.0007602228339419	***	p
